Country Name,Country Code,Series Name,Series Code,1990 [YR1990],1995 [YR1995],2000 [YR2000],2005 [YR2005],2010 [YR2010],2015 [YR2015],2017 [YR2017]
Afghanistan,AFG,"Population, total",SP.POP.TOTL,12249114,17099541,20093756,25070798,28803167,33736494,35530081
Afghanistan,AFG,GDP (constant 2010 US$),NY.GDP.MKTP.KD,..,..,..,9762978844.07633,15936800636.2487,20918533234.6796,21969414112.4281
Albania,ALB,"Population, total",SP.POP.TOTL,3286542,3187784,3089027,3011487,2913021,2880703,2873457
Albania,ALB,GDP (constant 2010 US$),NY.GDP.MKTP.KD,6401801081.44935,5625480181.64411,7221967155.94539,9604821915.17285,11926953258.916,13034156787.8592,13988555742.8063
Algeria,DZA,"Population, total",SP.POP.TOTL,25912367,28904298,31183660,33288437,36117637,39871528,41318142
Algeria,DZA,GDP (constant 2010 US$),NY.GDP.MKTP.KD,91989749446.9795,93174668346.0474,110423586430.994,142251902308.528,161207268655.392,189772334940.908,199367413967.446
American Samoa,ASM,"Population, total",SP.POP.TOTL,47038,52868,57521,59118,55637,55537,55641
American Samoa,ASM,GDP (constant 2010 US$),NY.GDP.MKTP.KD,..,..,..,629286343.612335,576000000,548933920.704846,..
Andorra,AND,"Population, total",SP.POP.TOTL,54509,63850,65390,78867,84449,78014,76965
Andorra,AND,GDP (constant 2010 US$),NY.GDP.MKTP.KD,1950360346.83369,2101791877.24365,2668012839.88281,3851227772.83026,3355695364.23841,3258326510.42858,3382068237.52481
Angola,AGO,"Population, total",SP.POP.TOTL,12171441,14268994,16440924,19552542,23369131,27859305,29784193
Angola,AGO,GDP (constant 2010 US$),NY.GDP.MKTP.KD,25003728530.4399,21064333691.2228,28285157247.5007,46688056705.4167,82526143645.0623,103887446990.918,103785984479.995
Antigua and Barbuda,ATG,"Population, total",SP.POP.TOTL,66696,73619,83584,89253,94661,99923,102012
Antigua and Barbuda,ATG,GDP (constant 2010 US$),NY.GDP.MKTP.KD,692325010.739955,768634400.789226,1001496497.16983,1147540485.65063,1152469074.07407,1276193331.63173,1389236109.8626
Argentina,ARG,"Population, total",SP.POP.TOTL,32729739,34994814,37057452,39145488,41223889,43417765,44271041
Argentina,ARG,GDP (constant 2010 US$),NY.GDP.MKTP.KD,194406693571.09,267011210297.951,303229512290.352,333618311350.415,423627422092.49,455825423287.839,460334377833.471
Armenia,ARM,"Population, total",SP.POP.TOTL,3538165,3217342,3069588,2981259,2877311,2916950,2930450
Armenia,ARM,GDP (constant 2010 US$),NY.GDP.MKTP.KD,6357857589.72256,3357435176.13862,4310688308.03981,7667755681.51717,9260284937.79782,11479040584.7388,12364648565.4688
Aruba,ABW,"Population, total",SP.POP.TOTL,62149,80324,90853,100031,101669,104341,105264
Aruba,ABW,GDP (constant 2010 US$),NY.GDP.MKTP.KD,..,..,..,..,2467703910.61453,..,..
Australia,AUS,"Population, total",SP.POP.TOTL,17065100,18072000,19153000,20394800,22031750,23850784,24598933
Australia,AUS,GDP (constant 2010 US$),NY.GDP.MKTP.KD,612582484286.091,688424992380.96,848732984009.725,994457691605.883,1144260547872.81,1312204498894.69,1375718249724.1
Austria,AUT,"Population, total",SP.POP.TOTL,7677850,7948278,8011566,8227829,8363404,8642699,8809212
Austria,AUT,GDP (constant 2010 US$),NY.GDP.MKTP.KD,260194624813.073,290414126234.635,336495475309.688,367272649488.203,391892746544.69,414033189912.921,432789834749.335
Azerbaijan,AZE,"Population, total",SP.POP.TOTL,7159000,7685000,8048600,8391850,9054332,9649341,9862429
Azerbaijan,AZE,GDP (constant 2010 US$),NY.GDP.MKTP.KD,22325675014.6271,9345558792.93588,13146538452.8659,24751281715.9126,52902703376.1056,59025316698.5035,57252727186.9126
"Bahamas, The",BHS,"Population, total",SP.POP.TOTL,256336,280150,297890,329249,360832,386838,395361
"Bahamas, The",BHS,GDP (constant 2010 US$),NY.GDP.MKTP.KD,7606466024.82856,7570107957.44229,9409627491.5515,10214307272.5531,10095760000,10521571019.7704,10492464084.5963
Bahrain,BHR,"Population, total",SP.POP.TOTL,495931,563699,664614,889168,1240862,1371855,1492584
Bahrain,BHR,GDP (constant 2010 US$),NY.GDP.MKTP.KD,8894395055.67055,12350780310.4502,15256276507.3657,19620444333.8462,25713271276.5957,30779223483.5898,33003237140.6953
Bangladesh,BGD,"Population, total",SP.POP.TOTL,106188642,118706871,131581243,143431101,152149102,161200886,164669751
Bangladesh,BGD,GDP (constant 2010 US$),NY.GDP.MKTP.KD,42420657179.7908,52933639390.898,67013463192.5145,85860356477.7026,115279077465.226,156629549345.307,179992151721.964
Barbados,BRB,"Population, total",SP.POP.TOTL,260374,264959,269847,274009,279569,284217,285719
Barbados,BRB,GDP (constant 2010 US$),NY.GDP.MKTP.KD,3653267319.44252,3498370690.99894,4057270373.79799,4301961205.24564,4461650000,4546917436.40184,4715357332.99045
Belarus,BLR,"Population, total",SP.POP.TOTL,10189000,10194000,9979610,9663915,9490583,9489616,9507875
Belarus,BLR,GDP (constant 2010 US$),NY.GDP.MKTP.KD,31610993224.6745,20639738139.7908,28029670685.9076,40244040518.2926,57222490768.7143,60721108489.7286,60620473815.135
Belgium,BEL,"Population, total",SP.POP.TOTL,9967379,10136811,10251250,10478617,10895586,11274196,11372068
Belgium,BEL,GDP (constant 2010 US$),NY.GDP.MKTP.KD,329971629163.815,357103043851.13,411797007026.657,450521469885.385,483548031197.108,507929197181.313,524012714948.032
Belize,BLZ,"Population, total",SP.POP.TOTL,187552,206963,247315,283277,321608,359288,374681
Belize,BLZ,GDP (constant 2010 US$),NY.GDP.MKTP.KD,534342136.074958,708659134.575871,949415695.712415,1230025245.97225,1397113450,1610507255.18119,1616832814.04701
Benin,BEN,"Population, total",SP.POP.TOTL,4978496,5905558,6865951,7982225,9199259,10575952,11175692
Benin,BEN,GDP (constant 2010 US$),NY.GDP.MKTP.KD,3033624750.94295,3727418268.32545,4766643561.74839,5772744795.73959,6970240895.49888,8755148067.02613,9610566350.93653
Bermuda,BMU,"Population, total",SP.POP.TOTL,59326,59746,61833,64154,65124,65239,65441
Bermuda,BMU,GDP (constant 2010 US$),NY.GDP.MKTP.KD,3763005273.45173,3924772345.29896,4945919646.2653,5620941625.4668,5744414000,..,..
Bhutan,BTN,"Population, total",SP.POP.TOTL,537280,514877,573416,656639,727641,787386,807610
Bhutan,BTN,GDP (constant 2010 US$),NY.GDP.MKTP.KD,424030689.295613,506259233.805762,688733275.071953,1007823159.38045,1585472534.10547,2069399707.46106,2387142613.64128
Bolivia,BOL,"Population, total",SP.POP.TOTL,6856244,7566714,8339512,9125409,9918242,10724705,11051600
Bolivia,BOL,GDP (constant 2010 US$),NY.GDP.MKTP.KD,9312431983.67648,11383339904.468,13481147690.5693,15696607186.4403,19649631308.1648,25664047181.8707,27880909289.0244
Bosnia and Herzegovina,BIH,"Population, total",SP.POP.TOTL,4463422,3843712,3766706,3781530,3722084,3535961,3507017
Bosnia and Herzegovina,BIH,GDP (constant 2010 US$),NY.GDP.MKTP.KD,..,3332270264.77958,11310743278.9328,14922131712.6024,17176781336.7644,18352676372.9938,19503531387.5533
Botswana,BWA,"Population, total",SP.POP.TOTL,1377912,1569094,1728340,1855852,2014866,2209197,2291661
Botswana,BWA,GDP (constant 2010 US$),NY.GDP.MKTP.KD,5318752174.48613,6649141424.18378,8563534596.26097,10230961745.6804,12786654365.8738,16146492036.747,17240661435.0594
Brazil,BRA,"Population, total",SP.POP.TOTL,149352145,162296612,175287587,186917361,196796269,205962108,209288278
Brazil,BRA,GDP (constant 2010 US$),NY.GDP.MKTP.KD,1192883828728,1387477228552.53,1538900699686.93,1774870932268.27,2208871646202.82,2337992410593.76,2278936372567.31
British Virgin Islands,VGB,"Population, total",SP.POP.TOTL,16461,18427,20645,23168,27224,30113,31196
British Virgin Islands,VGB,GDP (constant 2010 US$),NY.GDP.MKTP.KD,..,..,..,..,..,..,..
Brunei Darussalam,BRN,"Population, total",SP.POP.TOTL,258785,297192,333241,365158,388662,417542,428697
Brunei Darussalam,BRN,GDP (constant 2010 US$),NY.GDP.MKTP.KD,9593609020.9021,11205265273.194,11971150348.3682,13264408434.1768,13707370737.0737,13637697103.0436,13478200979.2483
Bulgaria,BGR,"Population, total",SP.POP.TOTL,8718289,8406067,8170172,7658972,7395599,7177991,7075991
Bulgaria,BGR,GDP (constant 2010 US$),NY.GDP.MKTP.KD,36292630364.1533,31790934141.0586,32315283606.3355,42592798158.9278,50610058210.3696,54639028022.2012,58815148233.383
Burkina Faso,BFA,"Population, total",SP.POP.TOTL,8811034,10089878,11607942,13421930,15605217,18110624,19193382
Burkina Faso,BFA,GDP (constant 2010 US$),NY.GDP.MKTP.KD,3007669516.04934,3643671090.83705,5046707523.52324,6871593161.43807,8979966766.07232,11688050885.9058,13215293997.0124
Burundi,BDI,"Population, total",SP.POP.TOTL,5415415,5962058,6400706,7423289,8766930,10199270,10864245
Burundi,BDI,GDP (constant 2010 US$),NY.GDP.MKTP.KD,1782525984.41627,1569636079.67758,1460945582.56049,1627085107.05727,2026864469.36388,2310420828.20521,2309167268.07383
Cabo Verde,CPV,"Population, total",SP.POP.TOTL,341883,389127,435079,474567,502384,532913,546388
Cabo Verde,CPV,GDP (constant 2010 US$),NY.GDP.MKTP.KD,321985896.487348,535991159.978501,948465609.657377,1252563900.2118,1664310769.55229,1791765400.6768,1932550791.05262
Cambodia,KHM,"Population, total",SP.POP.TOTL,8973342,10653558,12152354,13270201,14308740,15517635,16005373
Cambodia,KHM,GDP (constant 2010 US$),NY.GDP.MKTP.KD,..,3643242084.68339,5241366891.85216,8138335730.42109,11242275198.9783,15903594933.6638,18168529608.2286
Cameroon,CMR,"Population, total",SP.POP.TOTL,11715218,13460994,15274234,17420795,19970495,22834522,24053727
Cameroon,CMR,GDP (constant 2010 US$),NY.GDP.MKTP.KD,15811240757.6391,14337567546.2407,17770523602.1425,22022574644.1204,26143818509.6421,33558475339.5266,36165610684.419
Canada,CAN,"Population, total",SP.POP.TOTL,27791000,29354000,30769700,32312000,34005274,35832513,36708083
Canada,CAN,GDP (constant 2010 US$),NY.GDP.MKTP.KD,1014073201232.01,1102814170729.94,1342736881188.7,1524530644076.37,1613464422811.13,1802512887794.11,1883707911710.79
Cayman Islands,CYM,"Population, total",SP.POP.TOTL,25010,31672,41687,48622,55507,59963,61559
Cayman Islands,CYM,GDP (constant 2010 US$),NY.GDP.MKTP.KD,..,..,..,..,..,..,..
Central African Republic,CAF,"Population, total",SP.POP.TOTL,2939780,3352767,3754986,4127910,4448525,4546100,4659080
Central African Republic,CAF,GDP (constant 2010 US$),NY.GDP.MKTP.KD,1377848203.91158,1446715276.78828,1546822903.59629,1694156410.82443,1986015906.25044,1431688205.2978,1560913334.86281
Chad,TCD,"Population, total",SP.POP.TOTL,5956859,7000722,8342559,10067009,11887202,14009413,14899994
Chad,TCD,GDP (constant 2010 US$),NY.GDP.MKTP.KD,3080498133.76201,3393656609.04142,3858672132.83035,8407921034.68586,10657705536.4978,13486244396.1105,12269174945.5376
Channel Islands,CHI,"Population, total",SP.POP.TOTL,140671,144046,148725,154294,159581,163758,165314
Channel Islands,CHI,GDP (constant 2010 US$),NY.GDP.MKTP.KD,..,..,..,..,..,..,..
Chile,CHL,"Population, total",SP.POP.TOTL,13242132,14296613,15262754,16147064,16993354,17762681,18054726
Chile,CHL,GDP (constant 2010 US$),NY.GDP.MKTP.KD,78761086957.4583,115108987852.776,144524703666.117,181652337025.042,218537551220.071,264555250851.642,271895690380.202
China,CHN,"Population, total",SP.POP.TOTL,1135185000,1204855000,1262645000,1303720000,1337705000,1371220000,1386395000
China,CHN,GDP (constant 2010 US$),NY.GDP.MKTP.KD,829561967976.346,1479027474653.82,2237080553585.02,3569853222249.4,6100620488867.55,8908300778495.9,10161012758870.3
Colombia,COL,"Population, total",SP.POP.TOTL,34271565,37441977,40403958,43285634,45918097,48228697,49065615
Colombia,COL,GDP (constant 2010 US$),NY.GDP.MKTP.KD,148050777226.673,181270356905.601,192491233553.464,229936852450.343,287018184637.529,359119674815.303,372935921852.641
Comoros,COM,"Population, total",SP.POP.TOTL,411594,475394,542357,611627,689692,777424,813912
Comoros,COM,GDP (constant 2010 US$),NY.GDP.MKTP.KD,358600873.034513,372218160.938767,437372669.839698,490117180.09107,530493353.218937,598210181.091478,626655075.342764
"Congo, Dem. Rep.",COD,"Population, total",SP.POP.TOTL,34614581,41595744,47076387,54751476,64523263,76196619,81339988
"Congo, Dem. Rep.",COD,GDP (constant 2010 US$),NY.GDP.MKTP.KD,24302307019.9629,16679786457.2249,13660046634.625,16466585539.5574,21565722425.0028,31338079628.7828,33277601928.2367
"Congo, Rep.",COG,"Population, total",SP.POP.TOTL,2440457,2799255,3225727,3718243,4386693,4995648,5260750
"Congo, Rep.",COG,GDP (constant 2010 US$),NY.GDP.MKTP.KD,6621207023.12928,6769793164.98691,7627595733.65268,9307922523.85313,12007880438.6232,14614906845.3719,13553775872.0588
Costa Rica,CRI,"Population, total",SP.POP.TOTL,3095995,3510926,3925443,4247841,4545280,4807852,4905769
Costa Rica,CRI,GDP (constant 2010 US$),NY.GDP.MKTP.KD,15206147661.4354,19842631676.589,24457392097.2728,29539652853.0961,37268635287.0856,44693802321.5472,48037268859.2239
Cote d'Ivoire,CIV,"Population, total",SP.POP.TOTL,12267754,14540820,16686561,18336303,20401331,23108472,24294750
Cote d'Ivoire,CIV,GDP (constant 2010 US$),NY.GDP.MKTP.KD,17764120445.2383,19108381522.8738,22300414201.6886,22300767039.1796,24884505034.5564,33963218673.8589,39665491528.8538
Croatia,HRV,"Population, total",SP.POP.TOTL,4780000,4669000,4426000,4442000,4417781,4203604,4125700
Croatia,HRV,GDP (constant 2010 US$),NY.GDP.MKTP.KD,..,39570428328.0577,46778513367.1593,58278072356.2334,59829574390.6875,59220688842.7487,62792670406.2264
Cuba,CUB,"Population, total",SP.POP.TOTL,10582081,10906043,11150736,11284253,11333051,11461432,11484636
Cuba,CUB,GDP (constant 2010 US$),NY.GDP.MKTP.KD,44719281449.4919,31018100877.8065,38729221263.7745,49481477439.0285,64328000000,73868701308.4427,..
Curacao,CUW,"Population, total",SP.POP.TOTL,145400,145139,133860,137658,148703,157980,161014
Curacao,CUW,GDP (constant 2010 US$),NY.GDP.MKTP.KD,..,..,..,..,..,..,..
Cyprus,CYP,"Population, total",SP.POP.TOTL,766614,855384,943286,1027658,1112607,1160985,1179551
Cyprus,CYP,GDP (constant 2010 US$),NY.GDP.MKTP.KD,12268873770.9831,15640463781.8718,18959184071.864,22574052490.8546,25562251655.6291,23512930619.0275,25254845995.1179
Czech Republic,CZE,"Population, total",SP.POP.TOTL,10333355,10327253,10255063,10211216,10474410,10546059,10591323
Czech Republic,CZE,GDP (constant 2010 US$),NY.GDP.MKTP.KD,144549764967.994,139035670807.535,151842446297.436,183918160040.841,207477857918.919,225492702210.936,241262838218.161
Denmark,DNK,"Population, total",SP.POP.TOTL,5140939,5233373,5339616,5419432,5547683,5683483,5769603
Denmark,DNK,GDP (constant 2010 US$),NY.GDP.MKTP.KD,229126567479.986,257078363997.635,298220951889.866,318622884652.143,321995350346.501,340825646884.154,355304650098.016
Djibouti,DJI,"Population, total",SP.POP.TOTL,590398,630388,717584,783254,851146,927414,956985
Djibouti,DJI,GDP (constant 2010 US$),NY.GDP.MKTP.KD,..,..,..,..,1128611700.3618,..,..
Dominica,DMA,"Population, total",SP.POP.TOTL,70926,71368,69676,70627,71440,73162,73925
Dominica,DMA,GDP (constant 2010 US$),NY.GDP.MKTP.KD,323538864.359506,349353116.758139,386098878.531743,423387808.825322,493824407.407407,493013933.986646,484700482.820153
Dominican Republic,DOM,"Population, total",SP.POP.TOTL,7183647,7892423,8562622,9237566,9897985,10528394,10766998
Dominican Republic,DOM,GDP (constant 2010 US$),NY.GDP.MKTP.KD,19275566392.0305,25194139488.0514,34399744511.2012,40782118016.1477,53982886258.2205,69095397696.4097,77017184251.8333
Ecuador,ECU,"Population, total",SP.POP.TOTL,10218091,11440583,12628596,13735233,14934690,16144368,16624858
Ecuador,ECU,GDP (constant 2010 US$),NY.GDP.MKTP.KD,38020869118.8889,44017726512.0244,46459371078.3637,58876285668.9747,69555367000,86418807383.1387,87606643822.0677
"Egypt, Arab Rep.",EGY,"Population, total",SP.POP.TOTL,57412215,63714386,69905988,76778149,84107606,93778172,97553151
"Egypt, Arab Rep.",EGY,GDP (constant 2010 US$),NY.GDP.MKTP.KD,89567840760.6468,105850733344.84,136359108297.002,162192916084.429,218888324504.753,249951802078.734,271721622290.248
El Salvador,SLV,"Population, total",SP.POP.TOTL,5254984,5611115,5867626,6028961,6164626,6312478,6377853
El Salvador,SLV,GDP (constant 2010 US$),NY.GDP.MKTP.KD,11342594316.5462,14294596894.7716,15762939192.2857,16999196207.0351,18447922400,21045462109.7945,22089971802.6927
Equatorial Guinea,GNQ,"Population, total",SP.POP.TOTL,426846,504871,614323,757317,951104,1175389,1267689
Equatorial Guinea,GNQ,GDP (constant 2010 US$),NY.GDP.MKTP.KD,216793281.866299,440039841.242576,3369132140.08877,12072880264.5669,16298542027.9965,16457325595.0027,14561450359.0116
Eritrea,ERI,"Population, total",SP.POP.TOTL,3113311,3090159,3392801,3969007,4390840,..,..
Eritrea,ERI,GDP (constant 2010 US$),NY.GDP.MKTP.KD,..,1668457645.41958,1939336012.36364,2200767544.94132,2117039512.19512,..,..
Estonia,EST,"Population, total",SP.POP.TOTL,1569174,1436634,1396985,1354775,1331475,1315407,1315480
Estonia,EST,GDP (constant 2010 US$),NY.GDP.MKTP.KD,..,10507168850.136,14121011168.8073,19889757107.0738,19490936349.1753,23327372037.3633,24964382783.2038
Eswatini,SWZ,"Population, total",SP.POP.TOTL,861373,960792,1061468,1105873,1202843,1319011,1367254
Eswatini,SWZ,GDP (constant 2010 US$),NY.GDP.MKTP.KD,2342959992.34362,2723882841.3067,3134761586.47074,3772877432.00497,4438778424.30203,5175653650.92985,5351455206.87742
Ethiopia,ETH,"Population, total",SP.POP.TOTL,48086516,57309880,66537331,76727083,87702670,99873033,104957438
Ethiopia,ETH,GDP (constant 2010 US$),NY.GDP.MKTP.KD,9964477334.54832,10471023886.7174,13074915712.856,17860775923.3616,29933790334.3418,48667131306.0417,57710624015.1401
Faroe Islands,FRO,"Population, total",SP.POP.TOTL,47594,46040,47258,48285,48550,48965,49290
Faroe Islands,FRO,GDP (constant 2010 US$),NY.GDP.MKTP.KD,..,..,..,..,2301168186.90991,..,..
Fiji,FJI,"Population, total",SP.POP.TOTL,728628,775498,811223,821817,859950,892149,905502
Fiji,FJI,GDP (constant 2010 US$),NY.GDP.MKTP.KD,2132221728.89777,2421813101.87764,2689258981.99094,3031738288.38912,3140508835.9485,3756891966.94786,3914472684.17761
Finland,FIN,"Population, total",SP.POP.TOTL,4986431,5107790,5176209,5246096,5363352,5479531,5511303
Finland,FIN,GDP (constant 2010 US$),NY.GDP.MKTP.KD,167119851165.76,163433977903.956,209379586716.485,237927555871.426,247799815768.477,247409110553.877,259348797027.169
France,FRA,"Population, total",SP.POP.TOTL,58512808,59541899,60912500,63179351,65027507,66593366,67118648
France,FRA,GDP (constant 2010 US$),NY.GDP.MKTP.KD,1904237454486.49,2029852848973.99,2342736298465.86,2543121659233.15,2642609548930.36,2773101619290.33,2857089402048
French Polynesia,PYF,"Population, total",SP.POP.TOTL,198375,215196,237258,254886,267820,277690,283007
French Polynesia,PYF,GDP (constant 2010 US$),NY.GDP.MKTP.KD,..,..,..,..,..,..,..
Gabon,GAB,"Population, total",SP.POP.TOTL,952212,1086137,1231122,1403126,1640210,1930175,2025137
Gabon,GAB,GDP (constant 2010 US$),NY.GDP.MKTP.KD,10585966860.9368,12319367727.7966,12480739960.3275,13441236307.6313,14358631634.4187,18526671343.6802,19121396781.1748
"Gambia, The",GMB,"Population, total",SP.POP.TOTL,916808,1066223,1231844,1444204,1692149,1977590,2100568
"Gambia, The",GMB,GDP (constant 2010 US$),NY.GDP.MKTP.KD,472459105.277726,524148847.430006,653003469.728368,757505143.313151,951806368.699129,1060807213.42974,1122269380.66197
Georgia,GEO,"Population, total",SP.POP.TOTL,4802000,4734000,4418300,4190000,3926000,3717100,3717100
Georgia,GEO,GDP (constant 2010 US$),NY.GDP.MKTP.KD,16925987566.8214,4782526716.11388,6348564680.98529,9042416092.8345,11638536834.4274,14768853639.6005,15946982915.8715
Germany,DEU,"Population, total",SP.POP.TOTL,79433029,81678051,82211508,82469422,81776930,81686611,82695000
Germany,DEU,GDP (constant 2010 US$),NY.GDP.MKTP.KD,2568633883305.68,2840972414088.64,3123907846524.82,3213777436171.33,3417094562648.95,3709597862509.39,3865759081373.6
Ghana,GHA,"Population, total",SP.POP.TOTL,14628260,16760467,18938762,21542009,24512104,27582821,28833629
Ghana,GHA,GDP (constant 2010 US$),NY.GDP.MKTP.KD,12047715856.1569,14857951398.9653,18356121284.0331,23469626664.7482,32174772955.9748,46469539221.9218,52299462264.3043
Gibraltar,GIB,"Population, total",SP.POP.TOTL,29164,30147,31180,32085,33189,34228,34571
Gibraltar,GIB,GDP (constant 2010 US$),NY.GDP.MKTP.KD,..,..,..,..,..,..,..
Greece,GRC,"Population, total",SP.POP.TOTL,10196792,10562153,10805808,10987314,11121341,10820883,10760421
Greece,GRC,GDP (constant 2010 US$),NY.GDP.MKTP.KD,197653949750.543,210287497825.875,251509982285.871,304332233457.662,299361576558.217,245079688980.546,247784663293.158
Greenland,GRL,"Population, total",SP.POP.TOTL,55600,55800,56200,56935,56905,56114,56171
Greenland,GRL,GDP (constant 2010 US$),NY.GDP.MKTP.KD,1517654950.35005,1501008943.65321,1809246741.70089,2126686936.57652,2503156060.52524,2622659625.54009,..
Grenada,GRD,"Population, total",SP.POP.TOTL,96283,100255,101619,102949,104677,106823,107825
Grenada,GRD,GDP (constant 2010 US$),NY.GDP.MKTP.KD,459440912.448988,470269146.447706,646274759.694853,806847560.795381,771015888.888889,898036907.793778,965852407.112932
Guam,GUM,"Population, total",SP.POP.TOTL,130482,145561,155329,158402,159444,161797,164229
Guam,GUM,GDP (constant 2010 US$),NY.GDP.MKTP.KD,..,..,..,4845859455.02971,4895000000,5196863347.67466,..
Guatemala,GTM,"Population, total",SP.POP.TOTL,9263813,10408489,11650743,13096028,14630417,16252429,16913503
Guatemala,GTM,GDP (constant 2010 US$),NY.GDP.MKTP.KD,19885653339.5948,24521297988.1245,29765102998.3889,34551125869.8223,41338595380.8159,49879411881.3975,52841341285.6064
Guinea,GIN,"Population, total",SP.POP.TOTL,6041094,7871173,8808546,9679745,10794170,12091533,12717176
Guinea,GIN,GDP (constant 2010 US$),NY.GDP.MKTP.KD,3511547236.01066,4251328845.07547,5151694938.25241,5993557764.69665,6992497898.58596,8752701726.34786,10465290137.4678
Guinea-Bissau,GNB,"Population, total",SP.POP.TOTL,1012280,1137122,1243229,1380838,1555880,1770526,1861283
Guinea-Bissau,GNB,GDP (constant 2010 US$),NY.GDP.MKTP.KD,622007475.009432,727035159.059283,661730564.585243,721473399.280578,850633309.814482,999869068.137843,1125377385.5273
Guyana,GUY,"Population, total",SP.POP.TOTL,743309,761291,753301,750946,746556,768514,777859
Guyana,GUY,GDP (constant 2010 US$),NY.GDP.MKTP.KD,1100402112.81128,1550522843.68091,1773670954.22892,1837303453.84412,2273225041.96217,2831915364.03855,3011396094.39359
Haiti,HTI,"Population, total",SP.POP.TOTL,7099732,7819806,8549200,9263404,9999617,10711061,10981229
Haiti,HTI,GDP (constant 2010 US$),NY.GDP.MKTP.KD,..,..,6556695399.76108,6379734003.44932,6622541528.56888,7798329610.05405,8004441867.12255
Honduras,HND,"Population, total",SP.POP.TOTL,4955328,5709051,6524283,7373430,8194778,8960829,9265067
Honduras,HND,GDP (constant 2010 US$),NY.GDP.MKTP.KD,7649634778.63051,9102265883.78003,10569704556.9194,13268415996.7103,15839344591.9842,18839040425.3557,20481239263.2949
"Hong Kong SAR, China",HKG,"Population, total",SP.POP.TOTL,5704500,6156100,6665000,6813200,7024200,7291300,7391700
"Hong Kong SAR, China",HKG,GDP (constant 2010 US$),NY.GDP.MKTP.KD,104112263787.381,134779624937.554,153400895123.315,188648640222.02,228637697575.04,264386879658.877,280346000937.197
Hungary,HUN,"Population, total",SP.POP.TOTL,10373988,10328965,10210971,10087065,10000023,9843028,9781127
Hungary,HUN,GDP (constant 2010 US$),NY.GDP.MKTP.KD,..,92465301329.2829,107116662868.959,132348549363.811,130922638689.071,143995970044.202,153053569271.399
Iceland,ISL,"Population, total",SP.POP.TOTL,254826,267468,281205,296734,318041,330815,341284
Iceland,ISL,GDP (constant 2010 US$),NY.GDP.MKTP.KD,..,..,10279352467.9624,12642190112.0744,13310567802.9356,15290908623.4238,17033486324.1295
India,IND,"Population, total",SP.POP.TOTL,870133480,960482795,1053050912,1144118674,1230980691,1309053980,1339180127
India,IND,GDP (constant 2010 US$),NY.GDP.MKTP.KD,466533190787.303,597711980866.823,802754758765.919,1111202106006.44,1656617073124.71,2302413591823.42,2629542211700.51
Indonesia,IDN,"Population, total",SP.POP.TOTL,181436821,196957849,211540429,226712730,242524123,258162113,263991379
Indonesia,IDN,GDP (constant 2010 US$),NY.GDP.MKTP.KD,309821137734.336,437209211196.907,453413616927.798,571204954434.658,755094160363.071,988128596686.365,1090459494378.56
"Iran, Islamic Rep.",IRN,"Population, total",SP.POP.TOTL,56226185,60575644,66131854,70421811,74567511,79360487,81162788
"Iran, Islamic Rep.",IRN,GDP (constant 2010 US$),NY.GDP.MKTP.KD,233190267070.578,274304418738.506,316232660519.804,400345002659.636,487069570463.766,476718833681.841,563826247961.828
Iraq,IRQ,"Population, total",SP.POP.TOTL,17469005,20208387,23565413,27008426,30762701,36115649,38274618
Iraq,IRQ,GDP (constant 2010 US$),NY.GDP.MKTP.KD,71262089056.6554,46941533227.6608,101597124725.723,104187985160.487,138516722649.573,192736516384.431,212268631248.1
Ireland,IRL,"Population, total",SP.POP.TOTL,3513974,3608841,3805174,4159914,4560155,4701957,4813608
Ireland,IRL,GDP (constant 2010 US$),NY.GDP.MKTP.KD,83332971545.8412,104517737774.456,163414057103.266,214349276918.52,221951354761.532,316108768452.787,358293477609.585
Isle of Man,IMN,"Population, total",SP.POP.TOTL,68429,70070,72554,76118,80072,83167,84287
Isle of Man,IMN,GDP (constant 2010 US$),NY.GDP.MKTP.KD,1741094197.12591,1983396586.72548,3153538406.19094,4167423800.56207,5920177688.50433,6989864994.05606,..
Israel,ISR,"Population, total",SP.POP.TOTL,4660000,5545000,6289000,6930100,7623600,8380100,8712400
Israel,ISR,GDP (constant 2010 US$),NY.GDP.MKTP.KD,98518443958.3715,136364015833.11,173804947124.9,191069409868.949,233609522091.468,276487272960.685,297396080362.923
Italy,ITA,"Population, total",SP.POP.TOTL,56719240,56844303,56942108,57969484,59277417,60730582,60551416
Italy,ITA,GDP (constant 2010 US$),NY.GDP.MKTP.KD,1749180429217.39,1866191802602.73,2060209787378.25,2158721935302.66,2125058244242.92,2062939161297.74,2111901941464.1
Jamaica,JAM,"Population, total",SP.POP.TOTL,2424242,2537440,2656864,2744673,2817210,2871934,2890299
Jamaica,JAM,GDP (constant 2010 US$),NY.GDP.MKTP.KD,10343225288.8337,12552384194.7506,12340062297.4414,13518275863.5085,13191645685.5116,13614800124.9838,13868257226.838
Japan,JPN,"Population, total",SP.POP.TOTL,123537000,125439000,126843000,127773000,128070000,127141000,126785797
Japan,JPN,GDP (constant 2010 US$),NY.GDP.MKTP.KD,4703605002001.88,5063810899979.07,5348935478913.59,5672306823990.12,5700098114744.41,5996413817472.4,6156328720578.61
Jordan,JOR,"Population, total",SP.POP.TOTL,3560582,4572904,5103130,5714111,7182390,9159302,9702353
Jordan,JOR,GDP (constant 2010 US$),NY.GDP.MKTP.KD,8689225175.64879,12246576491.8143,14339974666.67,19529289369.2661,26425379436.6197,30206410880.2344,31418664052.9154
Kazakhstan,KAZ,"Population, total",SP.POP.TOTL,16348000,15815626,14883626,15147029,16321872,17542806,18037646
Kazakhstan,KAZ,GDP (constant 2010 US$),NY.GDP.MKTP.KD,96294232757.9936,59126235002.1253,66851172843.1113,109482467339.845,148047348240.643,186260298082,195841527814.472
Kenya,KEN,"Population, total",SP.POP.TOTL,23402507,27346456,31450483,36048288,41350152,47236259,49699862
Kenya,KEN,GDP (constant 2010 US$),NY.GDP.MKTP.KD,21765118854.9204,23551619534.8549,26198643973.2382,31322527291.2531,40000088346.8041,52337445096.8196,58116217883.7864
Kiribati,KIR,"Population, total",SP.POP.TOTL,72412,77730,84406,92325,102652,112407,116398
Kiribati,KIR,GDP (constant 2010 US$),NY.GDP.MKTP.KD,122458569.214867,126755361.117143,146090924.677385,157331547.133334,153275912.676573,190694739.797139,198853488.261181
"Korea, Dem. People’s Rep.",PRK,"Population, total",SP.POP.TOTL,20293054,21862299,22929075,23904167,24591599,25243917,25490965
"Korea, Dem. People’s Rep.",PRK,GDP (constant 2010 US$),NY.GDP.MKTP.KD,..,..,..,..,..,..,..
"Korea, Rep.",KOR,"Population, total",SP.POP.TOTL,42869283,45092991,47008111,48184561,49554112,51014947,51466201
"Korea, Rep.",KOR,GDP (constant 2010 US$),NY.GDP.MKTP.KD,362885781978.632,543606435992.564,710035024103.399,894708410715.351,1094499338702.72,1268781059130.96,1345945672416.94
Kosovo,XKX,"Population, total",SP.POP.TOTL,1862000,2029000,1700000,1705780,1775680,1801800,1830700
Kosovo,XKX,GDP (constant 2010 US$),NY.GDP.MKTP.KD,..,..,3263724315.43845,4745022533.73324,5829933774.83444,6850530807.78599,7447672188.78534
Kuwait,KWT,"Population, total",SP.POP.TOTL,2099615,1610651,2050741,2276623,2998083,3935794,4136528
Kuwait,KWT,GDP (constant 2010 US$),NY.GDP.MKTP.KD,..,66799057920.4466,73401577459.8744,108931455687.369,115419050942.08,137963712491.277,138762386601.535
Kyrgyz Republic,KGZ,"Population, total",SP.POP.TOTL,4391200,4560400,4898400,5162600,5447900,5956900,6201500
Kyrgyz Republic,KGZ,GDP (constant 2010 US$),NY.GDP.MKTP.KD,4812459356.30362,2440014495.994,3205083428.31668,3859382252.51029,4794357795.07139,6082952722.9673,6637610601.9034
Lao PDR,LAO,"Population, total",SP.POP.TOTL,4258472,4851923,5329304,5754026,6246274,6663967,6858160
Lao PDR,LAO,GDP (constant 2010 US$),NY.GDP.MKTP.KD,1967420993.30949,2655748233.09473,3582186704.57195,4848156050.11908,7127792629.58294,10373602257.4925,11867393084.3947
Latvia,LVA,"Population, total",SP.POP.TOTL,2663151,2485056,2367550,2238799,2097555,1977527,1940740
Latvia,LVA,GDP (constant 2010 US$),NY.GDP.MKTP.KD,..,12774500345.4176,16418303264.3689,24343389028.1111,23757368290.0955,28247565848.6187,30184965729.4402
Lebanon,LBN,"Population, total",SP.POP.TOTL,2703016,3033394,3235366,3986852,4337141,5851479,6082357
Lebanon,LBN,GDP (constant 2010 US$),NY.GDP.MKTP.KD,11436223490.5073,20333538347.0688,21831062969.9814,26338308473.355,38419626628.1924,42069990678.188,43778557772.1381
Lesotho,LSO,"Population, total",SP.POP.TOTL,1603938,1761359,1868699,1949543,2040551,2174645,2233339
Lesotho,LSO,GDP (constant 2010 US$),NY.GDP.MKTP.KD,1093541170.67739,1417610570.97194,1645149675.74906,1887937269.03195,2385950663.8256,2910839259.42914,3147259170.03227
Liberia,LBR,"Population, total",SP.POP.TOTL,2097232,2073482,2884522,3261230,3948125,4499621,4731906
Liberia,LBR,GDP (constant 2010 US$),NY.GDP.MKTP.KD,858956846.842433,240097055.843849,1132146638.24602,912479873.144222,1292697100,1653502629.68398,1666984015.17253
Libya,LBY,"Population, total",SP.POP.TOTL,4436661,4948798,5355751,5792688,6169140,6234955,6374616
Libya,LBY,GDP (constant 2010 US$),NY.GDP.MKTP.KD,..,..,48026344512.6129,61714049045.1692,74773444900.5368,37867414355.5459,46627921705.5561
Liechtenstein,LIE,"Population, total",SP.POP.TOTL,28747,30833,33286,34852,36003,37403,37922
Liechtenstein,LIE,GDP (constant 2010 US$),NY.GDP.MKTP.KD,..,..,..,..,5082366478.08994,..,..
Lithuania,LTU,"Population, total",SP.POP.TOTL,3697838,3629102,3499536,3322528,3097282,2904910,2827721
Lithuania,LTU,GDP (constant 2010 US$),NY.GDP.MKTP.KD,..,19315603344.6289,24264340357.1111,35012502275.965,37120517693.8622,44687574443.1892,47486625803.5491
Luxembourg,LUX,"Population, total",SP.POP.TOTL,381850,408625,436300,465158,506953,569604,599449
Luxembourg,LUX,GDP (constant 2010 US$),NY.GDP.MKTP.KD,25172281398.4933,30555672134.7507,40777874110.4868,47158078345.0882,53212476812.2957,61317077715.6898,64659730352.9251
"Macao SAR, China",MAC,"Population, total",SP.POP.TOTL,343935,385686,427979,482559,536969,600942,622567
"Macao SAR, China",MAC,GDP (constant 2010 US$),NY.GDP.MKTP.KD,7405683885.37453,9852187146.41519,9640007068.88643,16525726403.8053,28123640998.7253,32198767338.2394,34824407683.0077
"Macedonia, FYR",MKD,"Population, total",SP.POP.TOTL,1996228,1983252,2034819,2060272,2070739,2079308,2083160
"Macedonia, FYR",MKD,GDP (constant 2010 US$),NY.GDP.MKTP.KD,7693306832.4784,6062809746.02776,7017753871.63858,7736396749.21033,9407168702.4313,10614404462.0042,10926923317.7401
Madagascar,MDG,"Population, total",SP.POP.TOTL,11598633,13475400,15766806,18336724,21151640,24234088,25570895
Madagascar,MDG,GDP (constant 2010 US$),NY.GDP.MKTP.KD,5711154233.15068,5618410647.91236,6781445103.03066,7588974026.87796,8729936135.74487,9940681351.04808,10788136744.3288
Malawi,MWI,"Population, total",SP.POP.TOTL,9437553,9909088,11376172,13039711,15167095,17573607,18622104
Malawi,MWI,GDP (constant 2010 US$),NY.GDP.MKTP.KD,3119971217.88235,3612937768.21468,4376187775.85659,4866839045.27869,6959697194.02096,8499102658.85552,9058635432.71192
Malaysia,MYS,"Population, total",SP.POP.TOTL,18038321,20495597,23185608,25659393,28112289,30723155,31624264
Malaysia,MYS,GDP (constant 2010 US$),NY.GDP.MKTP.KD,81800713541.6898,128613226397.087,162523121443.309,204863376669.557,255016609232.871,330121697556.735,364357517618.205
Maldives,MDV,"Population, total",SP.POP.TOTL,223215,254082,280384,318836,364511,418403,436330
Maldives,MDV,GDP (constant 2010 US$),NY.GDP.MKTP.KD,..,1168947333.3624,1619839033.86103,1748799599.44967,2588176054.6875,3391382355.87606,3918258227.38666
Mali,MLI,"Population, total",SP.POP.TOTL,8465188,9604450,10967690,12798763,15075085,17467905,18541980
Mali,MLI,GDP (constant 2010 US$),NY.GDP.MKTP.KD,4073912797.44007,4760908442.4543,6071472019.62682,8527273414.25,10678749467.4697,12686032241.3252,14133178682.5182
Malta,MLT,"Population, total",SP.POP.TOTL,354170,377419,390087,403834,414508,445053,465292
Malta,MLT,GDP (constant 2010 US$),NY.GDP.MKTP.KD,4259391258.27815,5561977615.89404,7141192052.98013,7909139072.84768,8741059602.64901,11278543046.3576,12630728476.8212
Marshall Islands,MHL,"Population, total",SP.POP.TOTL,47298,51015,52159,52055,52425,52994,53127
Marshall Islands,MHL,GDP (constant 2010 US$),NY.GDP.MKTP.KD,124396955.964827,162017728.489782,136519163.561693,152345998.953014,164969100,175685334.397765,183517838.752853
Mauritania,MRT,"Population, total",SP.POP.TOTL,2030140,2327075,2709359,3130720,3609543,4182341,4420184
Mauritania,MRT,GDP (constant 2010 US$),NY.GDP.MKTP.KD,2067231714.2728,2416118476.47523,2704230096.5886,3391181109.50907,4343665075.37898,5464854125.48399,5769246447.2384
Mauritius,MUS,"Population, total",SP.POP.TOTL,1058775,1122457,1186873,1228254,1250400,1262605,1264613
Mauritius,MUS,GDP (constant 2010 US$),NY.GDP.MKTP.KD,3925786062.71037,4983555093.47016,6599292378.29694,7670688143.62866,10003670690.3497,11955531873.1569,12881416082.2775
Mexico,MEX,"Population, total",SP.POP.TOTL,85357874,94045579,101719673,108472228,117318941,125890949,129163276
Mexico,MEX,GDP (constant 2010 US$),NY.GDP.MKTP.KD,640071740453.946,707431699221.458,915215993694.164,982737816135.92,1057801282051.28,1223395455628.26,1284678350180.17
"Micronesia, Fed. Sts.",FSM,"Population, total",SP.POP.TOTL,96331,107556,107432,106196,103616,104433,105544
"Micronesia, Fed. Sts.",FSM,GDP (constant 2010 US$),NY.GDP.MKTP.KD,227474723.338265,292752623.143343,290800111.363042,299996309.623985,296525300,296471675.711075,302208296.850544
Moldova,MDA,"Population, total",SP.POP.TOTL,3696000,3675099,3639592,3595187,3562045,3554108,3549750
Moldova,MDA,GDP (constant 2010 US$),NY.GDP.MKTP.KD,..,3994597528.99856,3524173901.54317,4960910881.53213,5811604051.96737,7038084252.44231,7685763945.87477
Monaco,MCO,"Population, total",SP.POP.TOTL,29439,30691,32082,33793,37094,38307,38695
Monaco,MCO,GDP (constant 2010 US$),NY.GDP.MKTP.KD,..,..,..,..,5350674803.33858,..,..
Mongolia,MNG,"Population, total",SP.POP.TOTL,2184145,2298039,2397436,2526446,2712650,2976877,3075647
Mongolia,MNG,GDP (constant 2010 US$),NY.GDP.MKTP.KD,3846754148.22336,3353083144.99786,3837047132.18431,5252765131.74542,7189481824.07288,11680159346.4038,12521245862.6497
Montenegro,MNE,"Population, total",SP.POP.TOTL,606372,611712,604950,614261,619428,622159,622471
Montenegro,MNE,GDP (constant 2010 US$),NY.GDP.MKTP.KD,..,..,2994635298.32715,3439786272.06896,4139192052.98013,4529248373.3755,4863333314.24463
Morocco,MAR,"Population, total",SP.POP.TOTL,24879136,27075232,28849621,30521070,32409639,34803322,35739580
Morocco,MAR,GDP (constant 2010 US$),NY.GDP.MKTP.KD,43185385081.897,47069034480.2997,57519650790.1246,73014076004.5985,93216746661.5977,113397737919.101,119490103786.433
Mozambique,MOZ,"Population, total",SP.POP.TOTL,13247649,15759132,18067687,20923070,24221405,28010691,29668834
Mozambique,MOZ,GDP (constant 2010 US$),NY.GDP.MKTP.KD,2290662465.51964,2688219667.4643,4635073216.24829,7095687684.10245,10154238250.1818,14307681432.4423,15396964121.6007
Myanmar,MMR,"Population, total",SP.POP.TOTL,40626250,43237792,46095462,48482614,50155896,52403669,53370609
Myanmar,MMR,GDP (constant 2010 US$),NY.GDP.MKTP.KD,8011896469.83656,10639275753.1675,15984737489.9273,29275358077.5655,49540813342.4834,70339509334.1836,79212697713.041
Namibia,NAM,"Population, total",SP.POP.TOTL,1414692,1655359,1899257,2032196,2173170,2425561,2533794
Namibia,NAM,GDP (constant 2010 US$),NY.GDP.MKTP.KD,4964658201.39698,5987913615.09621,7115971119.14836,9052690941.65474,11282192605.0374,14846241337.3127,14835013233.6474
Nauru,NRU,"Population, total",SP.POP.TOTL,9155,9969,10037,10114,10025,12475,13649
Nauru,NRU,GDP (constant 2010 US$),NY.GDP.MKTP.KD,..,..,..,..,49248810.5726872,114067267.372321,131162273.816681
Nepal,NPL,"Population, total",SP.POP.TOTL,18749406,21396384,23740911,25640287,27023137,28656282,29304998
Nepal,NPL,GDP (constant 2010 US$),NY.GDP.MKTP.KD,6697408396.01345,8623849303.39981,10899840166.6306,12877563074.7127,16002656434.4746,19774984746.8631,21345762921.1014
Netherlands,NLD,"Population, total",SP.POP.TOTL,14951510,15459006,15925513,16319868,16615394,16939923,17132854
Netherlands,NLD,GDP (constant 2010 US$),NY.GDP.MKTP.KD,530528907244.973,594221834498.193,734694499629.564,785109444991.006,836389937229.197,870889730163.844,918283870215.63
New Caledonia,NCL,"Population, total",SP.POP.TOTL,170899,193816,213230,232250,249750,272400,280460
New Caledonia,NCL,GDP (constant 2010 US$),NY.GDP.MKTP.KD,..,..,..,..,..,..,..
New Zealand,NZL,"Population, total",SP.POP.TOTL,3329800,3673400,3857700,4133900,4350700,4595700,4793900
New Zealand,NZL,GDP (constant 2010 US$),NY.GDP.MKTP.KD,82680246951.2715,96533659742.1421,111769050448.34,135951795046.862,146583831538.331,170219465391.419,181462890712.787
Nicaragua,NIC,"Population, total",SP.POP.TOTL,4144565,4612228,5026796,5379328,5737723,6082035,6217581
Nicaragua,NIC,GDP (constant 2010 US$),NY.GDP.MKTP.KD,4716711710.64607,5152076710.69105,6582718031.03826,7688482940.5946,8758622328.66962,11423282813.3338,12536632610.9898
Niger,NER,"Population, total",SP.POP.TOTL,8012861,9477333,11352973,13618449,16425578,19896965,21477348
Niger,NER,GDP (constant 2010 US$),NY.GDP.MKTP.KD,3064806711.68607,3179462761.52286,3657358998.36197,4444131750.65835,5718589799.24366,7726313711.61805,8503682934.86128
Nigeria,NGA,"Population, total",SP.POP.TOTL,95269988,108011465,122352009,138939478,158578261,181181744,190886311
Nigeria,NGA,GDP (constant 2010 US$),NY.GDP.MKTP.KD,130942573770.775,134229957065.962,157474285635.205,260515639753.024,369062464570.387,464282244063.793,460496045439.726
Northern Mariana Islands,MNP,"Population, total",SP.POP.TOTL,42538,56278,69094,63744,54424,54816,55144
Northern Mariana Islands,MNP,GDP (constant 2010 US$),NY.GDP.MKTP.KD,..,..,..,1237161290.32258,799000000,817834987.593052,..
Norway,NOR,"Population, total",SP.POP.TOTL,4241473,4359184,4490967,4623291,4889252,5190239,5282223
Norway,NOR,GDP (constant 2010 US$),NY.GDP.MKTP.KD,255627885399.145,307138048448.918,366955399845.581,409135198146.973,429130952709.224,467661545335.723,481837084285.123
Oman,OMN,"Population, total",SP.POP.TOTL,1812160,2204283,2267991,2511269,3041460,4199810,4636262
Oman,OMN,GDP (constant 2010 US$),NY.GDP.MKTP.KD,27006908192.4577,35920411183.355,42407802340.7022,44278543563.0689,58642392717.8153,71219765929.7789,74849701690.5071
Pakistan,PAK,"Population, total",SP.POP.TOTL,107678614,122829148,138523285,153909667,170560182,189380513,197015955
Pakistan,PAK,GDP (constant 2010 US$),NY.GDP.MKTP.KD,79876151981.2353,100147018591.748,117555262343.91,149990711055.44,177406854514.885,215932848620.679,240856714914.19
Palau,PLW,"Population, total",SP.POP.TOTL,15088,17253,19175,19906,20470,21288,21729
Palau,PLW,GDP (constant 2010 US$),NY.GDP.MKTP.KD,..,..,179149275.763126,213014710.729462,182843800,225175593.70792,216925511.417909
Panama,PAN,"Population, total",SP.POP.TOTL,2471009,2739730,3030347,3330465,3643222,3969249,4098587
Panama,PAN,GDP (constant 2010 US$),NY.GDP.MKTP.KD,10035951900.2528,13113000572.2306,16647506990.486,20556945757.0629,29440287600,42660859601.4214,47188170241.3263
Papua New Guinea,PNG,"Population, total",SP.POP.TOTL,4313059,4894276,5572222,6314709,7108239,7919825,8251162
Papua New Guinea,PNG,GDP (constant 2010 US$),NY.GDP.MKTP.KD,6430540084.85269,9710512008.84744,9607801709.4545,10692539535.846,14250726289.854,19027666624.8742,19815754521.1432
Paraguay,PRY,"Population, total",SP.POP.TOTL,4213742,4760850,5302700,5795494,6209877,6639119,6811297
Paraguay,PRY,GDP (constant 2010 US$),NY.GDP.MKTP.KD,11255427805.2664,13985360485.569,14277545968.157,15694050960.1953,20030528042.9171,25380441836.5634,26604449092.1017
Peru,PER,"Population, total",SP.POP.TOTL,21826658,24038760,25914879,27610410,29373646,31376671,32165485
Peru,PER,GDP (constant 2010 US$),NY.GDP.MKTP.KD,58494020190.3879,75500268871.9384,85798462918.4744,105785554389.544,147528937028.778,186292249117.558,198547683073.429
Philippines,PHL,"Population, total",SP.POP.TOTL,61947348,69835715,77991569,86274237,93726624,101716359,104918090
Philippines,PHL,GDP (constant 2010 US$),NY.GDP.MKTP.KD,94520033471.4427,105213391791.494,125348175702.676,156873776536.204,199590775189.305,266055320221.557,303355852254.477
Poland,POL,"Population, total",SP.POP.TOTL,38110782,38594998,38258629,38165445,38042794,37986412,37975841
Poland,POL,GDP (constant 2010 US$),NY.GDP.MKTP.KD,226662340695.785,252407972407.389,326203416741.286,379768034159.122,479321460551.189,556200709713.793,598166351606.805
Portugal,PRT,"Population, total",SP.POP.TOTL,9983218,10026176,10289898,10503330,10573100,10358076,10293718
Portugal,PRT,GDP (constant 2010 US$),NY.GDP.MKTP.KD,166592605206.496,181278747098.812,221371306250.717,231123669975.015,238303443425.21,228052070073.727,237955548774.292
Puerto Rico,PRI,"Population, total",SP.POP.TOTL,3537000,3683103,3810605,3821362,3721525,3473177,3337177
Puerto Rico,PRI,GDP (constant 2010 US$),NY.GDP.MKTP.KD,61263684601.9591,74700814494.0296,92068640460.625,105341914204.511,98381268000,95517951241.049,..
Qatar,QAT,"Population, total",SP.POP.TOTL,476445,513455,592267,864863,1779676,2481539,2639211
Qatar,QAT,GDP (constant 2010 US$),NY.GDP.MKTP.KD,..,..,36044298341.0931,53352370952.2569,125122306346.154,166951102638.237,173386627577.902
Romania,ROU,"Population, total",SP.POP.TOTL,23201835,22684270,22442971,21319685,20246871,19815481,19586539
Romania,ROU,GDP (constant 2010 US$),NY.GDP.MKTP.KD,124277669352.066,111623119759.08,110199046925.191,145789324626.982,166658327826.552,191009095003.252,214126451996.14
Russian Federation,RUS,"Population, total",SP.POP.TOTL,148292000,148375726,146596557,143518523,142849449,144096870,144495044
Russian Federation,RUS,GDP (constant 2010 US$),NY.GDP.MKTP.KD,1413889424697.32,878286464022.854,951558450751.97,1281319833579.48,1524916112078.87,1658163260860.64,1680005299557.78
Rwanda,RWA,"Population, total",SP.POP.TOTL,7235798,5928078,8025703,8991735,10246842,11629553,12208407
Rwanda,RWA,GDP (constant 2010 US$),NY.GDP.MKTP.KD,2605528703.92097,1662489594.92832,2626299259.43894,3873609810.79125,5773084568.14756,8308082095.23023,9342172848.18128
Samoa,WSM,"Population, total",SP.POP.TOTL,162866,170157,174610,179929,186205,193759,196440
Samoa,WSM,GDP (constant 2010 US$),NY.GDP.MKTP.KD,380090918.746632,401085973.780912,483063985.162683,613922840.672736,643046733.391126,688824101.843254,756492790.707734
San Marino,SMR,"Population, total",SP.POP.TOTL,24043,25877,27418,29240,31110,32960,33400
San Marino,SMR,GDP (constant 2010 US$),NY.GDP.MKTP.KD,..,..,1931571640.45254,2275550151.766,2139072847.68212,1729640935.43046,1767938138.10706
Sao Tome and Principe,STP,"Population, total",SP.POP.TOTL,113893,126454,138606,155630,174776,195553,204327
Sao Tome and Principe,STP,GDP (constant 2010 US$),NY.GDP.MKTP.KD,..,..,..,148265553.165548,197454053.145088,246519490.893575,266773808.825555
Saudi Arabia,SAU,"Population, total",SP.POP.TOTL,16326815,18735841,20764312,23905654,27425676,31557144,32938213
Saudi Arabia,SAU,GDP (constant 2010 US$),NY.GDP.MKTP.KD,293927384693.334,349402017093.334,379223407546.667,461601733253.333,528207200000,678729654960,684993600000
Senegal,SEN,"Population, total",SP.POP.TOTL,7555617,8746606,9884052,11251266,12916229,14976994,15850567
Senegal,SEN,GDP (constant 2010 US$),NY.GDP.MKTP.KD,6398540801.57077,7089773724.67834,8668335875.41373,10885585456.5604,12948906288.5576,15770157926.6534,17975846535.2953
Serbia,SRB,"Population, total",SP.POP.TOTL,7586000,7625357,7516346,7440769,7291436,7095383,7022268
Serbia,SRB,GDP (constant 2010 US$),NY.GDP.MKTP.KD,..,24045674131.5006,25599017868.5148,34596422952.0809,39460357730.5224,40183938020.4789,42079410618.1871
Seychelles,SYC,"Population, total",SP.POP.TOTL,69507,75304,81131,82858,89770,93419,95843
Seychelles,SYC,GDP (constant 2010 US$),NY.GDP.MKTP.KD,524260678.361109,603169565.089069,794294457.97491,783031253.312258,969936525.298729,1231973525.71507,1341522569.44838
Sierra Leone,SLE,"Population, total",SP.POP.TOTL,4312246,4274819,4564297,5658379,6458720,7237025,7557212
Sierra Leone,SLE,GDP (constant 2010 US$),NY.GDP.MKTP.KD,1793810866.92852,1359770845.99958,1385751986.44889,1997926594.52458,2578026297.1676,3163801388.84474,3494890110.81493
Singapore,SGP,"Population, total",SP.POP.TOTL,3047132,3524506,4027887,4265762,5076732,5535002,5612253
Singapore,SGP,GDP (constant 2010 US$),NY.GDP.MKTP.KD,67580784745.1412,102240630729.74,134491382471.581,170716905023.836,236421782178.218,292166776677.668,309995672900.623
Sint Maarten (Dutch part),SXM,"Population, total",SP.POP.TOTL,..,..,30519,33011,34056,38824,41109
Sint Maarten (Dutch part),SXM,GDP (constant 2010 US$),NY.GDP.MKTP.KD,..,..,..,..,..,..,..
Slovak Republic,SVK,"Population, total",SP.POP.TOTL,5299187,5361999,5388720,5372807,5391428,5423801,5439892
Slovak Republic,SVK,GDP (constant 2010 US$),NY.GDP.MKTP.KD,..,46643323562.6402,55486109654.2554,70976227122.3309,89501012915.7314,101310826326.841,108238366185.515
Slovenia,SVN,"Population, total",SP.POP.TOTL,1998161,1989872,1988925,2000474,2048583,2063531,2066748
Slovenia,SVN,GDP (constant 2010 US$),NY.GDP.MKTP.KD,..,29973079669.4402,36935721676.5757,44069302645.239,48013606745.4803,48969999339.1887,53037744699.125
Solomon Islands,SLB,"Population, total",SP.POP.TOTL,311840,359225,412609,469885,527790,587482,611343
Solomon Islands,SLB,GDP (constant 2010 US$),NY.GDP.MKTP.KD,404992002.135782,594444837.173453,516955401.688764,544571140.18616,681151189.956511,870760294.323488,930032622.843267
Somalia,SOM,"Population, total",SP.POP.TOTL,7397347,7704894,9011479,10409925,12053223,13908129,14742523
Somalia,SOM,GDP (constant 2010 US$),NY.GDP.MKTP.KD,..,..,..,..,..,..,..
South Africa,ZAF,"Population, total",SP.POP.TOTL,37560525,42088165,45728315,48820586,51584663,55291225,56717156
South Africa,ZAF,GDP (constant 2010 US$),NY.GDP.MKTP.KD,222892573270.329,232670508863.456,266956652372.238,322184452760.099,375298134440.469,418840692619.705,426768874668.815
South Sudan,SSD,"Population, total",SP.POP.TOTL,5768481,5459519,6700656,8108877,10067192,11882136,12575714
South Sudan,SSD,GDP (constant 2010 US$),NY.GDP.MKTP.KD,..,..,..,..,..,..,..
Spain,ESP,"Population, total",SP.POP.TOTL,38867322,39724050,40567864,43653155,46576897,46444832,46572028
Spain,ESP,GDP (constant 2010 US$),NY.GDP.MKTP.KD,873144007866.8,940937354958.39,1149490500814.16,1358050268792.21,1431616749640.29,1418074509574.91,1509201534288.7
Sri Lanka,LKA,"Population, total",SP.POP.TOTL,17329713,18247121,18781938,19524558,20198353,20966000,21444000
Sri Lanka,LKA,GDP (constant 2010 US$),NY.GDP.MKTP.KD,20612664783.8412,26807763966.0357,34273162122.7667,41634991235.6271,56728002830.3556,76488884324.2526,82394195408.6326
St. Kitts and Nevis,KNA,"Population, total",SP.POP.TOTL,40834,42891,45374,48611,51445,54288,55345
St. Kitts and Nevis,KNA,GDP (constant 2010 US$),NY.GDP.MKTP.KD,374410304.272705,455287533.239115,585837977.04214,688436496.081216,705015370.37037,839792649.001848,873306445.50626
St. Lucia,LCA,"Population, total",SP.POP.TOTL,138185,147044,156949,163714,172580,177206,178844
St. Lucia,LCA,GDP (constant 2010 US$),NY.GDP.MKTP.KD,897276348.794647,1012659535.57662,1132686052.04524,1225024025.88053,1381968259.25926,1465619041.59808,1529936441.95369
St. Martin (French part),MAF,"Population, total",SP.POP.TOTL,30036,32712,28384,27906,30235,31754,32125
St. Martin (French part),MAF,GDP (constant 2010 US$),NY.GDP.MKTP.KD,..,..,..,..,..,..,..
St. Vincent and the Grenadines,VCT,"Population, total",SP.POP.TOTL,107505,108122,107898,108744,109315,109455,109897
St. Vincent and the Grenadines,VCT,GDP (constant 2010 US$),NY.GDP.MKTP.KD,376752778.256294,449701266.580621,512295232.193865,636858589.992606,681225962.962963,720117944.917037,740906569.192933
Sudan,SDN,"Population, total",SP.POP.TOTL,20147590,24102986,27250535,30911914,34385963,38647803,40533330
Sudan,SDN,GDP (constant 2010 US$),NY.GDP.MKTP.KD,19818836075.7381,25423872772.0788,34053114158.2253,46433219017.4981,65634109236.7736,72731117403.9639,79411016248.064
Suriname,SUR,"Population, total",SP.POP.TOTL,407472,443724,472390,498946,526103,553208,563402
Suriname,SUR,GDP (constant 2010 US$),NY.GDP.MKTP.KD,2510412978.48291,2492835111.50222,2685720130.27299,3547191376.09683,4368398047.64333,4772817086.24868,4531702647.55523
Sweden,SWE,"Population, total",SP.POP.TOTL,8558835,8826939,8872109,9029572,9378126,9799186,10067744
Sweden,SWE,GDP (constant 2010 US$),NY.GDP.MKTP.KD,321068260388.536,332659307767.381,396527702705.124,451444063836.53,488377689564.921,542826483759.044,573208900097.34
Switzerland,CHE,"Population, total",SP.POP.TOTL,6715519,7040687,7184250,7437115,7824909,8282396,8466017
Switzerland,CHE,GDP (constant 2010 US$),NY.GDP.MKTP.KD,432100120508.07,434925036081.259,487149098174.328,524104192489.589,583782977866.405,633375192571.142,649067884586.909
Syrian Arab Republic,SYR,"Population, total",SP.POP.TOTL,12446171,14345492,16410848,18294611,21018834,18734987,18269868
Syrian Arab Republic,SYR,GDP (constant 2010 US$),NY.GDP.MKTP.KD,..,..,..,..,..,..,..
Tajikistan,TJK,"Population, total",SP.POP.TOTL,5283728,5764712,6216205,6854176,7641630,8548651,8921343
Tajikistan,TJK,GDP (constant 2010 US$),NY.GDP.MKTP.KD,6750421655.20268,2566197559.47514,2570938100.91492,4100868784.0261,5642178579.58438,7912816344.61796,9059375703.27769
Tanzania,TZA,"Population, total",SP.POP.TOTL,25459604,29960776,34178042,39410545,46098591,53879957,57310019
Tanzania,TZA,GDP (constant 2010 US$),NY.GDP.MKTP.KD,12233334531.6455,13371378628.0628,16511320979.4706,23383020790.5415,31407908612.0943,43728220561.9177,50098249469.476
Thailand,THA,"Population, total",SP.POP.TOTL,56582821,59491790,62958021,65425470,67208808,68657600,69037513
Thailand,THA,GDP (constant 2010 US$),NY.GDP.MKTP.KD,141610545731.926,210023508389.764,217712232033.235,283767493631.796,341105009515.333,394078328227.44,422900351828.266
Timor-Leste,TLS,"Population, total",SP.POP.TOTL,751933,871447,871607,1026484,1109591,1240977,1296311
Timor-Leste,TLS,GDP (constant 2010 US$),NY.GDP.MKTP.KD,..,..,1172648193.02694,2627411205.59126,3998696648.74331,3734284415.91915,3463868858.93619
Togo,TGO,"Population, total",SP.POP.TOTL,3786940,4274024,4970367,5683268,6502952,7416802,7797694
Togo,TGO,GDP (constant 2010 US$),NY.GDP.MKTP.KD,2064662774.71294,2072625977.95603,2563068019.81933,2709052152.60689,3172945644.5585,4046443147.77333,4502250154.26713
Tonga,TON,"Population, total",SP.POP.TOTL,95153,96076,98082,101041,104137,106364,108020
Tonga,TON,GDP (constant 2010 US$),NY.GDP.MKTP.KD,242101697.288198,291643880.05533,321298203.474362,355816598.622131,369485198.817979,392957799.644745,417206123.37566
Trinidad and Tobago,TTO,"Population, total",SP.POP.TOTL,1221900,1255001,1267984,1296934,1328100,1360092,1369125
Trinidad and Tobago,TTO,GDP (constant 2010 US$),NY.GDP.MKTP.KD,7992098767.2402,8621227010.83132,12400244892.3938,18293696732.9071,22157948396.2042,22883102657.9866,21017233305.3574
Tunisia,TUN,"Population, total",SP.POP.TOTL,8232797,9113975,9699197,10102482,10639931,11273661,11532127
Tunisia,TUN,GDP (constant 2010 US$),NY.GDP.MKTP.KD,18338312910.4373,22168035419.8687,29142311722.7889,35279543593.6845,44050929160.2627,48148386195.3332,49633854967.165
Turkey,TUR,"Population, total",SP.POP.TOTL,53921699,58486381,63240121,67903406,72326914,78271472,80745020
Turkey,TUR,GDP (constant 2010 US$),NY.GDP.MKTP.KD,365299342166.265,427852040441.938,520947371781.306,658128608999.284,771901768698.43,1087875530506.04,1205786798047.28
Turkmenistan,TKM,"Population, total",SP.POP.TOTL,3683966,4207840,4516131,4754641,5087210,5565284,5758075
Turkmenistan,TKM,GDP (constant 2010 US$),NY.GDP.MKTP.KD,13679877891.7139,8644092030.71642,10753701529.1433,13789041600.9069,22583157894.7368,37253652747.7258,42134998872.4689
Turks and Caicos Islands,TCA,"Population, total",SP.POP.TOTL,11552,15332,18873,26448,30994,34339,35446
Turks and Caicos Islands,TCA,GDP (constant 2010 US$),NY.GDP.MKTP.KD,..,..,..,..,..,..,..
Tuvalu,TUV,"Population, total",SP.POP.TOTL,9003,9230,9420,10027,10531,11001,11192
Tuvalu,TUV,GDP (constant 2010 US$),NY.GDP.MKTP.KD,21441966.9570863,24906804.4668911,29009173.7113651,29185727.2412158,31823518.6204366,38061023.8411092,40487383.9626355
Uganda,UGA,"Population, total",SP.POP.TOTL,17438907,20550291,24039274,28543940,33915133,40144870,42862958
Uganda,UGA,GDP (constant 2010 US$),NY.GDP.MKTP.KD,5268749667.90812,7393260810.8222,9908902840.24994,13703814497.5263,20186496527.1256,26260227906.9258,28572697919.7527
Ukraine,UKR,"Population, total",SP.POP.TOTL,51892000,51512299,49175848,47105150,45870700,45154029,44831159
Ukraine,UKR,GDP (constant 2010 US$),NY.GDP.MKTP.KD,205771640241.369,98772328368.3653,89401549107.8179,129353087832.048,136013155905.036,121203311658.854,127100786329.956
United Arab Emirates,ARE,"Population, total",SP.POP.TOTL,1860174,2448820,3154925,4579562,8270684,9154302,9400145
United Arab Emirates,ARE,GDP (constant 2010 US$),NY.GDP.MKTP.KD,125760629081.007,151381727243.022,198234194635.807,257366938869.98,289787338325.391,373073383253.914,387259360108.918
United Kingdom,GBR,"Population, total",SP.POP.TOTL,57247586,58019030,58892514,60401206,62766365,65128861,66022273
United Kingdom,GBR,GDP (constant 2010 US$),NY.GDP.MKTP.KD,1642507256284.46,1779710859442.01,2095205239633.13,2400398463976.6,2441173394729.62,2705252231411.39,2806903096896.07
United States,USA,"Population, total",SP.POP.TOTL,249623000,266278000,282162411,295516599,309338421,321039839,325719178
United States,USA,GDP (constant 2010 US$),NY.GDP.MKTP.KD,9064413765500,10299024618300,12713058213400,14408093840400,14964372000000,16672691917800,17304984279400
Uruguay,URY,"Population, total",SP.POP.TOTL,3109989,3224804,3321245,3325612,3374415,3431552,3456750
Uruguay,URY,GDP (constant 2010 US$),NY.GDP.MKTP.KD,21388287457.4651,25942392888.9544,29883433694.3553,30157445133.4999,40284481651.9021,47559277162.5174,49647783476.237
Uzbekistan,UZB,"Population, total",SP.POP.TOTL,20510000,22785000,24650400,26167000,28562400,31298900,32387200
Uzbekistan,UZB,GDP (constant 2010 US$),NY.GDP.MKTP.KD,20458470967.0987,16592838681.2958,20045798199.4212,26085046319.8044,39332770928.9426,57949061364.2825,65779949822.9082
Vanuatu,VUT,"Population, total",SP.POP.TOTL,146634,168235,185063,209370,236295,264603,276244
Vanuatu,VUT,GDP (constant 2010 US$),NY.GDP.MKTP.KD,376065472.454309,441644258.793918,525566423.179068,549652584.773368,700804286.224354,747161562.612567,812024958.066869
"Venezuela, RB",VEN,"Population, total",SP.POP.TOTL,19861956,22188667,24488340,26784161,29028033,31155134,31977065
"Venezuela, RB",VEN,GDP (constant 2010 US$),NY.GDP.MKTP.KD,234980505270.494,278362390881.435,288959554742.817,327782821536.693,393192354510.653,..,..
Vietnam,VNM,"Population, total",SP.POP.TOTL,68209605,75198977,80285562,84308843,88472512,93571567,95540800
Vietnam,VNM,GDP (constant 2010 US$),NY.GDP.MKTP.KD,29458481786.1674,43696326983.664,61146300622.5134,85351803030.4192,115931749697.241,154508616051.562,175284081081.177
Virgin Islands (U.S.),VIR,"Population, total",SP.POP.TOTL,103963,107818,108642,108454,108358,107710,107268
Virgin Islands (U.S.),VIR,GDP (constant 2010 US$),NY.GDP.MKTP.KD,..,..,..,4232596793.20915,4339000000,3165495402.02782,..
West Bank and Gaza,PSE,"Population, total",SP.POP.TOTL,1978248,2474666,2922153,3320396,3811102,4422143,4684777
West Bank and Gaza,PSE,GDP (constant 2010 US$),NY.GDP.MKTP.KD,..,4804277804.09321,6312384282.05084,6983236164.51331,8913100000,11238079288.8293,12136735451.64
"Yemen, Rep.",YEM,"Population, total",SP.POP.TOTL,12057039,15320653,17874725,20582927,23606779,26916207,28250420
"Yemen, Rep.",YEM,GDP (constant 2010 US$),NY.GDP.MKTP.KD,11726468809.9862,15818893969.6799,20345854252.2908,25002176981.6704,30906748941.2086,18164766629.7403,..
Zambia,ZMB,"Population, total",SP.POP.TOTL,8027253,9137077,10531221,12052156,13850033,16100587,17094130
Zambia,ZMB,GDP (constant 2010 US$),NY.GDP.MKTP.KD,8388243438.74424,8274122490.67145,9881983406.64151,13350512768.1307,20265556273.582,26058118446.5615,28139396718.851
Zimbabwe,ZWE,"Population, total",SP.POP.TOTL,10183113,11320346,12222251,12940032,14086317,15777451,16529904
Zimbabwe,ZWE,GDP (constant 2010 US$),NY.GDP.MKTP.KD,12953439422.5707,13750750266.5438,15414251817.4506,10501650599.6496,10141859700,14728302049.465,15329810785.8393
,,,,,,,,,,
,,,,,,,,,,
,,,,,,,,,,
Data from database: World Development Indicators,,,,,,,,,,
Last Updated: 11/14/2018,,,,,,,,,,
